"007fbb0","nitazoso","2026-09-28","merge crud-guru"
"3030e02","nitazoso","2026-09-28","piket revisi"
"a9fa471","marvel","2026-09-27","update fitur jurnal dan fitur pikettttttttttt"
"07c1c24","nitazoso","2026-09-27","fix dispen"
"c3af086","nitazoso","2026-09-27","simpan"
"ffa7516","marvel","2026-09-27","update revisi banyakkkk"
"ae512b0","marvel","2026-09-27","update fitur revisi jurnal dan sekertaris serta piket"
"eb3f88b","marvel","2026-09-26","update fitur banyakkkkkkkkkkkkkk"
"0c257af","marvel","2026-09-25","update tampilan mapel"
"49ff497","nitazoso","2026-09-25","merge"
"44075e8","nitazoso","2026-09-25","merge"
"591561c","nitazoso","2026-09-25","merge"
"01ca541","marvel","2026-09-25","Merge remote-tracking branch 'origin/dev' into crud-guru"
"fb59892","marvel","2026-09-25","update fitur guru"
"7cb2ba9","gwenn","2026-09-25","Merge branch 'frontend' into dev"
"f8552cd","nitazoso","2026-09-25","revisi admin jurnal"
"9eb3825","marvel","2026-09-24","update seeeederrrrrrrrrrrrr"
"2104c7e","marvel","2026-09-24","merge fepiket ke crud-guru"
"2fbbe48","marvel","2026-09-24","merge crud-guru dengan remote"
"c1437d7","nitazoso","2026-09-24","fix konflik"
"98ecb32","marvel","2026-09-24","update dettttttttttttttttttttt"
"2cec34e","gwenn","2026-09-24","sekre"
"a00c009","gwenn","2026-09-24","Refactor code structure for improved readability and maintainability"
"5d19aff","nitazoso","2026-09-24","merge"
"f54f0df","nitazoso","2026-09-24","piket jadwal"
"0a6340c","gwenn","2026-09-24","Merge branch 'crud-guru' into frontend"
"4feff28","marvel","2026-09-23","update codingan"
"bc0d92f","gwenn","2026-09-23","revisi guru"
"d59cbf7","nitazoso","2026-09-23","siswa"
"93b9229","marvel","2026-09-23","update revisiiii"
"e7407b2","gwenn","2026-09-23","isi jurnal di dashboard guru"
"c4c5a7e","nitazoso","2026-09-22","rekap"
"8be6568","marvel","2026-09-22","update fitur scannnnnnnnnnnnn"
"eafcd02","marvel","2026-09-22","merge dev ke crud-guru dan update fitur QR attendance"
"fbbafdc","gwenn","2026-09-22","FE login"
"ec39739","gwenn","2026-09-22","Merge branch 'frontend' into dev"
"fe310e5","gwenn","2026-09-22","tampilan"
"f9e0d9e","gwenn","2026-09-21","tampilan admin"
"205d483","nitazoso","2026-09-21","merge conflict"
"f745148","marvel","2026-09-21","merge"
"b768a51","nitazoso","2026-09-21","dispen2"
"c98b82d","gwenn","2026-09-21","ikon di isi jurnal guru"
"e807d06","gwenn","2026-09-21","ganti logo sidebar guru dan sekretaris"
"bfeb984","marvel","2026-09-21","login"
"d104d2a","nitazoso","2026-09-21","dispen"
"3711377","gwenn","2026-09-21","FE admin"
"3e12dc6","gwenn","2026-09-19","detail jurnal guru"
"2160178","gwenn","2026-09-19","Merge branch 'crud-guru' into frontend"
"ec033b5","gwenn","2026-09-19","FE sekre, FE guru, merge"
"e462e65","marvel","2026-09-18","mergedev"
"71fa442","gwenn","2026-09-18","Merge branch 'dev' into frontend"
"64ac6f3","nitazoso","2026-09-18","fix conflict"
"1a87486","nitazoso","2026-09-18","jurnal"
"bb93ab9","gwenn","2026-09-18","Merge remote-tracking branch 'origin/crud-guru' into frontend"
"f363edb","gwenn","2026-09-18","Refactor search input and logout form in admin views"
"f4b4945","nitazoso","2026-09-18","dashboard"
"cd4250f","marvel","2026-09-17","merge konflik"
"588493a","gwenn","2026-09-17","Merge branch 'feature/fe-admin-guru' into frontend"
"f1d7e4a","marvel","2026-09-17","merge"
"bebda7d","marvel","2026-09-17","login"
"81ab87d","gwenn","2026-09-17","FE guru"
"4e8b364","marvel","2026-09-16","login"
"8c0df23","nitazoso","2026-09-16","fix konflik"
"8c23892","nitazoso","2026-09-16","jadwal sama jam"
"3140da7","marvel","2026-09-16","benerin yang ngga bener"
"657e263","nitazoso","2026-09-15","revisi jadwal,jam"
"889ead4","gwenn","2026-09-15","Merge branch 'frontend' into dev"
"5da85b9","marvel","2026-09-15","kesiswaan"
"4866ffe","marvel","2026-09-15","update fitur guru piket dan kesiswaan"
"f804b7e","gwenn","2026-09-15","frontend interaktif guru dan user"
"e61e6b2","marvel","2026-09-14","ambil update terbaru dari dev"
"fa58ef6","marvel","2026-09-14","dashboard guru"
"044728b","gwenn","2026-09-14","Merge branch 'dev' into frontend"
"52fc7f8","nitazoso","2026-09-11","fix yang ngga bner"
"b59ed68","gwenn","2026-09-11","Merge branch 'dev' into frontend"
"c5b3c16","gwenn","2026-09-11","backend dari fitur user & revisi frontend user"
"4790c00","marvel","2026-09-10","fix"
"d8dd2c3","marvel","2026-09-10","backend admin"
"6356e1e","nitazoso","2026-09-10","fixkonflik"
"94ee38d","nitazoso","2026-09-10","be siswa"
"13ef898","nitazoso","2026-09-09","be dashboarddnkelas"
"8d4ccc8","nitazoso","2026-09-09","rapikan struktur blade dashboard"
"0fb776c","gwenn","2026-09-08","tambah sidebar admin"
"0a6b47f","nitazoso","2026-09-08","kelaspart1"
"7d58c2b","nitazoso","2026-09-07","login part1"
"e06e4bf","nitazoso","2026-09-09","be dashboarddnkelas"
"82fc2e1","marvel","2026-09-09","update admin dashboard controller"
"41590ab","gwenn","2026-09-09","add feature user in admin"
"22985ee","marvel","2026-09-09","Fix all merge conflicts"
"30b12f0","marvel","2026-09-09","dispen"
"6a4dd2d","nitazoso","2026-09-09","rapikan struktur blade dashboard"
"62f3604","nitazoso","2026-09-09","dashboard"
"60b4bee","marvel","2026-09-08","Merge branch 'frontend' of https://github.com/nitazoso/jurnal into crud-admin"
"d6cf1c0","marvel","2026-09-08","comitcobalagi"
"91f8167","nitazoso","2026-09-08","kelaspart1"
"21b29ec","gwenn","2026-09-08","tambah sidebar admin"
"9b8bc1d","nitazoso","2026-09-07","login part1"
"8b060ce","nitazoso","2026-09-07","hapus livewire"
"b626bef","nitazoso","2026-09-07","ytta"
"497ee82","nitazoso","2026-09-06","file adminguru"
"051eb52","nitazoso","2026-09-06","setup part2"
"6905945","nitazoso","2026-09-05","model"
"b674f20","nitazoso","2026-09-05","migrations"
"67b45cb","nitazoso","2026-09-02","Initial commit - Laravel Livewire Breeze"